key,value
cmoooebbtb,google.com
uqmjruqsrc,google.com
ducslttcqt,google.com
xjdwopmolf,google.com
zenktzsfab,google.com
zrdsseopvr,google.com
cgpsiujbmk,google.com
nzaynnoeko,google.com
kqcowypkgr,google.com
vupxrjpamk,google.com
klzfzekziq,google.com
wvksozehgh,google.com
fcbodmmdpg,google.com
ltnvaybjvr,google.com
wcjvdfkggv,google.com
lxrywxkaso,google.com
zncprojvlp,google.com
adrtchprfu,google.com
ijnrjhqtkh,google.com
kdqbzgrpwh,google.com
kaswqfsqen,google.com
gznabevkim,google.com
vtwzcekdsy,google.com
mblqvlkrxo,google.com
cfzmrgjgfr,google.com
whiumjdwer,google.com
knpfpoezzt,google.com
wcxbzjcsmx,google.com
zhpstardur,google.com
zopeibpplm,google.com
njekhsiyvx,google.com
trchibxwme,google.com
eafzeatnil,google.com
mnskmfcrsn,google.com
alsjxefyou,google.com
uekrvsnytx,google.com
btruzbgzwh,google.com
hnnccyhyvo,google.com
ijmfdjbkri,google.com
kqkipmqgyh,google.com
pkxwrwkvas,google.com
rhbwgycosd,google.com
lhwnewpsio,google.com
itugccxrcz,google.com
wmlbppwcba,google.com
ieuchtxgvu,google.com
strgsoiohu,google.com
jtporkjffy,google.com
gesjaginou,google.com
oaveissglt,google.com
jjveochkps,google.com
chpntmtgze,google.com
fmjbdalpjy,google.com
rwhkyywxya,google.com
lzzrjgoejc,google.com
vyrxnrgdzl,google.com
qwtfsuuquv,google.com
gennaetghh,google.com
wbxwtodcby,google.com
hwwdnzwcyp,google.com
uhbcnqjfun,google.com
udrxnjqnbd,google.com
lzgvpznsnz,google.com
ufydflrica,google.com
xjpeugyhkp,google.com
saqzsajghz,google.com
nynayajsln,google.com
vzqecsdfen,google.com
yxmjonhxut,google.com
asdsxwxiaw,google.com
dujxovlpkh,google.com
qqbobupaix,google.com
pyloetrjgr,google.com
vbkedfhzqa,google.com
mwesgefobm,google.com
ufbjalrcxn,google.com
mwhtkemaeu,google.com
hgebyqqmax,google.com
xdxmnpwhnf,google.com
fvpwizzwfh,google.com
ztiqkdxmgd,google.com
tbwgfhvcdn,google.com
vrzeambpxx,google.com
nezcrbxhhi,google.com
xqhixszepe,google.com
uartdmrmlj,google.com
ybenowlpmb,google.com
yydfhliijx,google.com
oblppbcaam,google.com
halndcnknb,google.com
lzpynffpng,google.com
dehssfxpck,google.com
xeumkdnjbj,google.com
lbufxjchyc,google.com
hlladwmmnm,google.com
faseyuttux,google.com
vfqdprgmht,google.com
hctqcbxqgm,google.com
gebpitgwrs,google.com
zhqufygizo,google.com
gnafjbuxts,google.com
ejskvtdyih,google.com
uhchwgbbfs,google.com
sbqdedcxya,google.com
ceughjmeky,google.com
mihnexddlb,google.com
qynvcfyuek,google.com
rxbfjippty,google.com
tfiaplpucm,google.com
dgvlngcxxf,google.com
xivmbaofso,google.com
ienajmhgld,google.com
crjfwaqcoh,google.com
nrpehpmwka,google.com
idhdudfguu,google.com
bqdfaflnpz,google.com
cwlmqcwaju,google.com
dnbgwyhaqi,google.com
lmwppnyvyu,google.com
avxddcvgve,google.com
uzxpnnedsu,google.com
znxfomwaob,google.com
ylebrbwtyr,google.com
yrybirsxlk,google.com
bqumonouzo,google.com
ksdvviqzmd,google.com
ywfomhoznb,google.com
ufhjwjgvsh,google.com
amvjyqyspa,google.com
aywnaxegpn,google.com
sakejxxdra,google.com
ofgehygakh,google.com
hbvgyvblzl,google.com
yfrxasspqt,google.com
vherdiqobj,google.com
rmwkvjjnmq,google.com
juvbouyaiy,google.com
nimkmzuywl,google.com
zfpusichgp,google.com
jdalmlfcyx,google.com
jyjbpybiyd,google.com
pephtepnld,google.com
dxeyvqznwf,google.com
lgpzkpbiqn,google.com
mkhlebwhxv,google.com
gsnoqdewgo,google.com
seyyyctqjy,google.com
bjwjgdcnhq,google.com
zeavchzqgg,google.com
pgzmtfaamq,google.com
fpiubnseyu,google.com
nmwbcmfkbb,google.com
qdvcpjnqes,google.com
hzucckgcxy,google.com
pftahdefmc,google.com
xbxpzupncc,google.com
xlyjbpolym,google.com
nmfntdnrov,google.com
fdinjqwxvp,google.com
pembmwrgck,google.com
drgwlypomk,google.com
nofcvvrpqb,google.com
slhskqwglq,google.com
hxlinovwlg,google.com
lwqttbeoyu,google.com
gdvzmltelp,google.com
huhhgpmvxq,google.com
qsbdlppzuo,google.com
avmulvctob,google.com
dsnqdccvha,google.com
usnvpighno,google.com
qnrfjtbgaq,google.com
betasokgdf,google.com
dvzqyhizom,google.com
swckirmfvb,google.com
yxrlnpkhji,google.com
tvabizohdu,google.com
luvfeceovn,google.com
mhrxkzngch,google.com
rlmcunwgdm,google.com
lytpatsnhr,google.com
qyijsjfmhp,google.com
wzpslkwfut,google.com
egwoavdsea,google.com
eomnjoydyz,google.com
hlotnyakpn,google.com
uhxtbfjfwb,google.com
plpccqxbsl,google.com
xiksjdpumd,google.com
phsczuouhp,google.com
mczkruflfz,google.com
proiqlnohm,google.com
cmdyvlxthi,google.com
ilqryntite,google.com
srjerdafth,google.com
vkfcnwprlc,google.com
rkgiatyuxw,google.com
uuuigclxyw,google.com
oqjzsdbopn,google.com
qtsruifrek,google.com
kisbdcsglb,google.com
sgclkrlqul,google.com
cazlecdsns,google.com
ifosgmelrk,google.com
felvdkctat,google.com
vfsrepsrzk,google.com
vgnsxhghtg,google.com
rpydqffxek,google.com
hxphanrlly,google.com
ygztfeslfw,google.com
aujsnltnvh,google.com
eubnhuybwx,google.com
sknayayixy,google.com
krnevebsie,google.com
jimtrddigw,google.com
zmgjtclnbl,google.com
bextdsnvgu,google.com
nnulqqzitz,google.com
cqlcfvzsfw,google.com
gijshmfoob,google.com
vxtgknuxlg,google.com
mqybwpnwoj,google.com
aurdxibwtv,google.com
ndoqwciplc,google.com
dxhtrjtkpo,google.com
vojwevqeol,google.com
hbeyvmzfmi,google.com
daflqqwpte,google.com
nthuwgiprz,google.com
ruiyrujpzt,google.com
usowxxjgrn,google.com
uxoniibuon,google.com
gdaiaavrbj,google.com
rqtdmaussv,google.com
oubagvnutv,google.com
hoqndcywzl,google.com
gplehcvksw,google.com
lwrjpevoha,google.com
xlweuumoil,google.com
tmmgovrzrv,google.com
jmnaptywso,google.com
qtvrzdxczt,google.com
lsjytvigwo,google.com
yrlmjdikwy,google.com
uveadgdxpp,google.com
anomwdwzrs,google.com
wfgcupccbu,google.com
lvxknlnfdt,google.com
zpzbbdzesl,google.com
bxewhuoiho,google.com
qxaxuaqzay,google.com
earvbqjkmr,google.com
qzftykmbbi,google.com
cuchwohybs,google.com
bkzmmyjyuc,google.com
eywqvcbpub,google.com
yoornqyhkv,google.com
mwyxzfizmf,google.com
qkhfzjvxhs,google.com
gfqwrmfpnx,google.com
rhwcfkgtai,google.com
rysolqeqhm,google.com
xksrmtrctc,google.com
xfdsukhkry,google.com
etotlxtlhk,google.com
ttfubnfwqp,google.com
rkldmfxeby,google.com
gpyparpnbf,google.com
sjefzkzedy,google.com
gvzxsyopxb,google.com
zfsjkfkfdy,google.com
keybibsxyc,google.com
dhzpqxrxdr,google.com
dvdzfecdaf,google.com
gjaalnvjcr,google.com
bdzgzhosoz,google.com
grsrabijan,google.com
bdskqtwflv,google.com
jqbclwlsen,google.com
mfqwhzbyga,google.com
anomyqzpua,google.com
rltnwkzzuj,google.com
njdwvlkxzn,google.com
kylbxayfxs,google.com
yubltbulll,google.com
yqemtxlxtx,google.com
ixplkmxzfq,google.com
zechwkkfxs,google.com
boibeqyfzg,google.com
lfuazmtyrc,google.com
gwfjxxzyjj,google.com
kgksdgdwga,google.com
wtdthmbeem,google.com
jcakapydyl,google.com
auevqgxkdn,google.com
uqishmnben,google.com
rzyioalxnm,google.com
mzadvsywrd,google.com
hnlqgmmoqu,google.com
obsebialsp,google.com
gasmfeansk,google.com
cgkklqkoai,google.com
fvjrezfciw,google.com
pfbshxxwtf,google.com
vnqyiejhsp,google.com
atnqprqkni,google.com
agiedmycie,google.com
fznzpicxkl,google.com
ooaqfzpgub,google.com
zktmvroqph,google.com
aldlkleqch,google.com
iprbpiyrun,google.com
ujfyvxqggd,google.com
vuroollros,google.com
vhyhlazion,google.com
mlvwzopgnk,google.com
xofttixylr,google.com
cugrbboslr,google.com
yyzxksrwzc,google.com
dflrsjbcfx,google.com
lakxbqltgd,google.com
ddgwuklvjt,google.com
eqihurknso,google.com
tqbeqnynez,google.com
dfzjahcjql,google.com
wqrhiqcucz,google.com
itpxeosjal,google.com
mrtnqgbdgd,google.com
qbzeyvtwnx,google.com
wszgvucqyq,google.com
ylijjziide,google.com
fnvtzrtmwy,google.com
kytxbkvqis,google.com
zfnxcvxnej,google.com
icmalshmsc,google.com
xkbxuxugjx,google.com
zzepofeiue,google.com
ytuvimvfnn,google.com
vtnufttqwr,google.com
pngukkuehw,google.com
paumfhymtp,google.com
ugrixhkxlq,google.com
wielrpxgfs,google.com
yzbckczppo,google.com
pkqntnxmhe,google.com
pjrbpubniu,google.com
znelwupwqa,google.com
prnfwfoxbx,google.com
glshsmhnjw,google.com
fgcthroegp,google.com
ujibjdcksv,google.com
bwoojjkctw,google.com
vxnajrvjfl,google.com
auswtxdgby,google.com
gwhtxowllp,google.com
mjjgxsorle,google.com
vcczclzfdj,google.com
pmtrudfzdf,google.com
ymqyydxloz,google.com
xzofnmdgmw,google.com
obwivpduye,google.com
xnqqcgmxej,google.com
hkfkoptamy,google.com
dyfgniapnp,google.com
ocoovcoxsp,google.com
uultzlibhx,google.com
htydtvjhwp,google.com
rqcajwzwzw,google.com
ntjdxzwmke,google.com
zzkmpjaqqc,google.com
dwvempctse,google.com
orilnswgpe,google.com
hxmfhajnbb,google.com
pnuecwvtqz,google.com
sbpltdjlwz,google.com
zncnhkyfnc,google.com
vsnxpxsfns,google.com
pxpdcxrdql,google.com
quxzmzlcav,google.com
xzzbulxpnl,google.com
gepjbxnzmz,google.com
aifbrsqbem,google.com
ryranqlxgs,google.com
rsrgkgwmxh,google.com
trfzhoakfv,google.com
qbnworgeup,google.com
lqdqocppwt,google.com
ldodfyqefw,google.com
pyuakjvahr,google.com
ghyjjolbty,google.com
ttruihlsbe,google.com
aoruvddngz,google.com
jfzvequaai,google.com
wlqxxuvnra,google.com
ghmcuxzmro,google.com
nkgbhsandn,google.com
jqufjwneda,google.com
bwskvhmpmn,google.com
jdyhiilbdz,google.com
yoskjykcvz,google.com
ipaybemoos,google.com
qshbxnhxhm,google.com
ovbqmgurhm,google.com
icziythons,google.com
jtwpddqtra,google.com
cbpfxreuvq,google.com
nlyqbvqzke,google.com
pcurtgewjl,google.com
fqcrrnisqi,google.com
vgzvuwnymj,google.com
afcomybupb,google.com
wtyvlxwhfw,google.com
euhiaemiwt,google.com
mwuaqukaph,google.com
yvbrzcoiov,google.com
btlidtpdid,google.com
zblvnwrlpe,google.com
shpgirczff,google.com
llnpknzkyj,google.com
jvpqpjqjyf,google.com
ehtvgehwbr,google.com
knpokuzaxt,google.com
svxvraspfj,google.com
gskmianwaf,google.com
noxbimlfbs,google.com
sigqprzjzh,google.com
rppnyxpodu,google.com
ftbserzzto,google.com
dixpwdvpno,google.com
vxvyusfzll,google.com
xcszfujxqd,google.com
patahwhfvp,google.com
ilpxuutgjb,google.com
rchvmyceoj,google.com
ycbapfsaym,google.com
hhqtiqrevy,google.com
aqqtpicvcc,google.com
aradindune,google.com
udannssmrz,google.com
zkqphxgnwg,google.com
gqeuftugrp,google.com
tysnckwvpv,google.com
ktcxhjezkw,google.com
rqnmgnhqos,google.com
ejmkotcxnt,google.com
macryofwvd,google.com
itenfplsec,google.com
obtllpneoq,google.com
evjxtgcfko,google.com
kgienxzkdj,google.com
ynkwewpazb,google.com
lqbvlqtzne,google.com
okqayyrewv,google.com
tjdvdmlgfl,google.com
jykmgjkpiv,google.com
azgzwcqebu,google.com
tflkduyspz,google.com
pqakpiaydm,google.com
sstloqmsyy,google.com
rgbsbnlvms,google.com
kjxbowpcxu,google.com
orvrlkiaih,google.com
zfhnmwzfmo,google.com
xdlpthaxji,google.com
gqpbbzchsz,google.com
tscnaoctat,google.com
vaqsoluvul,google.com
sbhpbxktjp,google.com
pnldxqyqpx,google.com
riszjnvzxs,google.com
geallqwdum,google.com
penwkmnthf,google.com
orifbpffet,google.com
vnrqkqchxt,google.com
evtgapgcze,google.com
lyitassxgu,google.com
cjzxvxfvsc,google.com
kvpvdipguj,google.com
jxcdvskuog,google.com
fuzhfqkqem,google.com
gvsawewurf,google.com
msffclxwxl,google.com
kycfakoezx,google.com
xqjfhbkyjt,google.com
krunfdehwn,google.com
gcrmhjskyb,google.com
pagktqtvmm,google.com
dbuspxggxd,google.com
ztfdlnzvie,google.com
uvslwvonyv,google.com
jchfyvkxbk,google.com
vokhbehbzm,google.com
qezggaeefm,google.com
sttlosxdai,google.com
yboydqpotj,google.com
mkbyavwhef,google.com
gugrcejark,google.com
kpmxkvoikw,google.com
gywydlmxez,google.com
qpzoxifzbp,google.com
